Date,title,category,account,amount,type
8/11/2024,Karthik,Bills & Fees,Savings Bank,45,EXPENSE
8/10/2024,Juice,Food & Drinks,Cash,40,EXPENSE
8/9/2024,Tire,Transport,Cash,10,EXPENSE
8/7/2024,Baba,Bills & Fees,Savings Bank,200,EXPENSE
8/4/2024,Reward,Bills & Fees,Salary Bank,4,INCOME
8/4/2024,Baba,Bills & Fees,Savings Bank,500,EXPENSE
8/2/2024,Grocery,Bills & Fees,Salary Bank,30,EXPENSE
8/2/2024,Petrol,Transport,Savings Bank,100,EXPENSE
8/2/2024,Adjust balance,,Cash,74,EXPENSE
8/2/2024,Adjust balance,,Savings Bank,102,EXPENSE
8/1/2024,Haircut,Bills & Fees,Savings Bank,152,EXPENSE
8/1/2024,Baba,Bills & Fees,Savings Bank,500,EXPENSE
7/31/2024,Print,Bills & Fees,Savings Bank,22,EXPENSE
7/31/2024,License,Bills & Fees,Savings Bank,300,EXPENSE
7/26/2024,Noodles,Food & Drinks,Savings Bank,70,EXPENSE
7/20/2024,Adjust balance,,Savings Bank,0,INCOME
7/20/2024,Breakfast,Food & Drinks,Cash,30,EXPENSE
7/20/2024,Maa,Bills & Fees,Cash,50,EXPENSE
7/15/2024,Adjust balance,,Cash,3,EXPENSE
7/15/2024,Rent,Bills & Fees,Savings Bank,"3,800.00",EXPENSE
7/14/2024,Grocery,Bills & Fees,Cash,171,EXPENSE
7/14/2024,Grocery,Bills & Fees,Cash,90,EXPENSE
7/12/2024,Adjust balance,,Salary Bank,41,INCOME
7/12/2024,Baba,Bills & Fees,Savings Bank,300,EXPENSE
7/12/2024,Adjust balance,,Cash,50,EXPENSE
7/12/2024,,,Savings Bank,50,EXPENSE
7/10/2024,Maa,Bills & Fees,Cash,50,EXPENSE
7/10/2024,Breakfast,Food & Drinks,Cash,30,EXPENSE
7/7/2024,Breakfast,Food & Drinks,Salary Bank,30,EXPENSE
7/3/2024,Netflix,Bills & Fees,Savings Bank,199,EXPENSE
7/3/2024,Baba,Bills & Fees,Savings Bank,200,EXPENSE
7/2/2024,Lunch,Food & Drinks,Cash,120,EXPENSE
7/1/2024,Baba,Bills & Fees,Savings Bank,500,EXPENSE
7/1/2024,Recharge,Bills & Fees,Savings Bank,259,EXPENSE
7/1/2024,Printouts,Bills & Fees,Salary Bank,13,EXPENSE
7/1/2024,Printouts,Bills & Fees,Cash,42,EXPENSE
6/30/2024,Biryani 🍚,Food & Drinks,Savings Bank,520,EXPENSE
6/30/2024,Breakfast,Food & Drinks,Salary Bank,60,EXPENSE
6/30/2024,Baba,Bills & Fees,Savings Bank,"2,000.00",EXPENSE
6/30/2024,Adjust balance,,Savings Bank,71,INCOME
6/29/2024,Juice,Food & Drinks,Cash,20,EXPENSE
6/29/2024,Cab,Transport,Cash,180,EXPENSE
6/29/2024,Snacks,Food & Drinks,Cash,30,EXPENSE
6/29/2024,Chai,Food & Drinks,Cash,20,EXPENSE
6/29/2024,Recharge,Bills & Fees,Savings Bank,266.9,EXPENSE
6/28/2024,Curd,Food & Drinks,Cash,25,EXPENSE
6/28/2024,Adjust balance,,Cash,30,EXPENSE
6/28/2024,Tea,Food & Drinks,Cash,10,EXPENSE
6/28/2024,Water,Food & Drinks,Cash,10,EXPENSE
6/28/2024,Adjust balance,,Cash,358,EXPENSE
6/27/2024,Water,Food & Drinks,Cash,40,EXPENSE
6/27/2024,Bus,Transport,Cash,20,EXPENSE
6/27/2024,Metro,Transport,Cash,20,EXPENSE
6/27/2024,Haldiram,Food & Drinks,Cash,207,EXPENSE
6/27/2024,Tickets victoria,Bills & Fees,Cash,100,EXPENSE
6/27/2024,Lunch,Food & Drinks,Cash,95,EXPENSE
6/27/2024,Ferry,Transport,Cash,50,EXPENSE
6/27/2024,Baba,Bills & Fees,Cash,500,EXPENSE
6/27/2024,Museum,Bills & Fees,Savings Bank,150,EXPENSE
6/27/2024,Bus,Transport,Cash,20,EXPENSE
6/27/2024,Metro,Transport,Salary Bank,10,EXPENSE
6/27/2024,Grocery,Bills & Fees,Cash,200,EXPENSE
6/27/2024,Withdraw,Bills & Fees,Salary Bank,0,TRANSFER
6/26/2024,Cab,Transport,Salary Bank,200,EXPENSE
6/26/2024,Train,Transport,Salary Bank,20,EXPENSE
6/24/2024,Tickets,Bills & Fees,Salary Bank,20,EXPENSE
6/23/2024,Maa stuff,Bills & Fees,Salary Bank,240,EXPENSE
6/23/2024,Toto,Transport,Salary Bank,20,EXPENSE
6/23/2024,Snacks,Food & Drinks,Salary Bank,70,EXPENSE
6/23/2024,Adjust balance,,Salary Bank,102,EXPENSE
6/23/2024,Snacks,Food & Drinks,Salary Bank,44,EXPENSE
6/23/2024,Shaka pola,Bills & Fees,Salary Bank,600,EXPENSE
6/21/2024,Tickets,Transport,Salary Bank,40,EXPENSE
6/20/2024,Adjust balance,,Salary Bank,60,EXPENSE
6/20/2024,Lunch,Food & Drinks,Salary Bank,20,EXPENSE
6/20/2024,Recharge,Bills & Fees,Salary Bank,259,EXPENSE
6/19/2024,Shave,Bills & Fees,Salary Bank,20,EXPENSE
6/17/2024,Water,Food & Drinks,Cash,20,EXPENSE
6/17/2024,Tickets,Transport,Cash,260,EXPENSE
6/17/2024,Water,Food & Drinks,Cash,20,EXPENSE
6/17/2024,Ticket Refund,Bills & Fees,Salary Bank,"1,570.72",INCOME
6/17/2024,Lunch,Food & Drinks,Salary Bank,250,EXPENSE
6/17/2024,Adjust balance,,Cash,120,EXPENSE
6/16/2024,Baba,Bills & Fees,Cash,500,EXPENSE
6/16/2024,Cab,Transport,Salary Bank,170,EXPENSE
6/16/2024,Snacks,Food & Drinks,Salary Bank,200,EXPENSE
6/16/2024,Chotu,Bills & Fees,Cash,500,EXPENSE
6/16/2024,Withdraw,Bills & Fees,Salary Bank,0,TRANSFER
6/16/2024,Tickets,Bills & Fees,Salary Bank,"1,702.70",EXPENSE
6/15/2024,Baba,Bills & Fees,Salary Bank,500,EXPENSE
6/14/2024,Petrol,Transport,Cash,100,EXPENSE
6/14/2024,Sriya payback,Bills & Fees,Cash,100,INCOME
6/14/2024,Petrol,Transport,Salary Bank,100,EXPENSE
6/13/2024,Snacks,Food & Drinks,Salary Bank,208.5,EXPENSE
6/13/2024,Petrol,Transport,Salary Bank,200,EXPENSE
6/11/2024,Chips,Food & Drinks,Salary Bank,10,EXPENSE
6/10/2024,Breakfast,Food & Drinks,Salary Bank,30,EXPENSE
6/9/2024,Petrol,Transport,Salary Bank,200,EXPENSE
6/9/2024,Clothes,Bills & Fees,Salary Bank,799,EXPENSE
6/9/2024,Snacks,Food & Drinks,Salary Bank,198.88,EXPENSE
6/7/2024,Baba,Bills & Fees,Salary Bank,500,EXPENSE
6/7/2024,Snacks,Food & Drinks,Salary Bank,90,EXPENSE
6/7/2024,Sriya,Bills & Fees,Salary Bank,100,EXPENSE
6/7/2024,Petrol,Transport,Salary Bank,100,EXPENSE
6/7/2024,Karthik payback,Bills & Fees,Salary Bank,200,INCOME
6/7/2024,Karthik payback,Bills & Fees,Cash,100,INCOME
6/5/2024,Grocery,Bills & Fees,Salary Bank,175,EXPENSE
6/5/2024,Netflix,Bills & Fees,Savings Bank,200,EXPENSE
6/5/2024,Settlement,Bills & Fees,Salary Bank,0,TRANSFER
6/5/2024,Salary,Bills & Fees,Salary Bank,"11,688.00",INCOME
6/5/2024,Snacks,Food & Drinks,Salary Bank,30,EXPENSE
6/5/2024,Adjust balance,,Cash,67,EXPENSE
6/5/2024,Chotu,Bills & Fees,Savings Bank,155,EXPENSE
6/5/2024,Adjust balance,,Salary Bank,10,EXPENSE
6/5/2024,Netflix,Bills & Fees,Salary Bank,199,EXPENSE
6/5/2024,Netflix,Bills & Fees,Salary Bank,200,INCOME
6/5/2024,,Bills & Fees,Salary Bank,70,INCOME
6/4/2024,Baba,Bills & Fees,Salary Bank,200,EXPENSE
6/3/2024,Snacks,Food & Drinks,Cash,90,EXPENSE
6/3/2024,Goje,Bills & Fees,Savings Bank,300,EXPENSE
6/3/2024,Petrol,Transport,Salary Bank,100,EXPENSE
5/31/2024,Biryani 🍚,Food & Drinks,Savings Bank,520,EXPENSE
5/31/2024,Adjust balance,,Salary Bank,54,EXPENSE
5/31/2024,Juice,Food & Drinks,Salary Bank,30,EXPENSE
5/31/2024,Petrol,Transport,Salary Bank,100,EXPENSE
5/31/2024,Smthng,Bills & Fees,Cash,10,EXPENSE
5/30/2024,Pizza,Food & Drinks,Salary Bank,190,EXPENSE
5/30/2024,Baba,Bills & Fees,Savings Bank,"1,000.00",EXPENSE
5/29/2024,Snacks,Food & Drinks,Salary Bank,35,EXPENSE
5/29/2024,Reward,Bills & Fees,Salary Bank,11,INCOME
5/29/2024,Breakfast,Food & Drinks,Salary Bank,30,EXPENSE
5/28/2024,Shirt,Bills & Fees,Salary Bank,160,EXPENSE
5/28/2024,Bus,Transport,Cash,30,EXPENSE
5/28/2024,Juice,Food & Drinks,Salary Bank,35,EXPENSE
5/28/2024,Withdraw,Bills & Fees,Salary Bank,0,TRANSFER
5/28/2024,Auto,Transport,Cash,20,EXPENSE
5/27/2024,Recharge,Bills & Fees,Salary Bank,155,EXPENSE
5/27/2024,Chotu,Bills & Fees,Salary Bank,500,EXPENSE
5/27/2024,Adjust balance,,Salary Bank,56,EXPENSE
5/27/2024,Snacks,Food & Drinks,Salary Bank,30,EXPENSE
5/26/2024,Shampoo,Bills & Fees,Cash,4,EXPENSE
5/26/2024,Petrol,Bills & Fees,Salary Bank,250,EXPENSE
5/26/2024,Stationary,Bills & Fees,Salary Bank,20,EXPENSE
5/25/2024,Ice cream,Food & Drinks,Salary Bank,20,EXPENSE
5/25/2024,Snacks,Food & Drinks,Salary Bank,60,EXPENSE
5/25/2024,Lunch,Food & Drinks,Salary Bank,70,EXPENSE
5/25/2024,Auto,Transport,Salary Bank,20,EXPENSE
5/24/2024,Bus,Transport,Cash,40,EXPENSE
5/24/2024,Auto,Transport,Salary Bank,20,EXPENSE
5/24/2024,Juice,Food & Drinks,Salary Bank,30,EXPENSE
5/24/2024,Printing,Bills & Fees,Salary Bank,555,EXPENSE
5/23/2024,Breakfast,Food & Drinks,Salary Bank,30,EXPENSE
5/21/2024,Recharge,Bills & Fees,Salary Bank,259,EXPENSE
5/21/2024,Internet,Bills & Fees,Salary Bank,470.82,EXPENSE
5/21/2024,Juice,Food & Drinks,Salary Bank,10,EXPENSE
5/21/2024,Brake,Bills & Fees,Salary Bank,50,EXPENSE
5/21/2024,Ice Cream,Food & Drinks,Salary Bank,35,EXPENSE
5/21/2024,Petrol,Transport,Salary Bank,100,EXPENSE
5/21/2024,Adjust balance,,Cash,40,EXPENSE
5/20/2024,Juice,Food & Drinks,Salary Bank,75,EXPENSE
5/20/2024,Juice,Food & Drinks,Salary Bank,20,EXPENSE
5/19/2024,Tickets,Bills & Fees,Salary Bank,"1,341.80",EXPENSE
5/19/2024,Tickets,Bills & Fees,Salary Bank,"1,341.80",EXPENSE
5/19/2024,Maggi,Food & Drinks,Salary Bank,14,EXPENSE
5/17/2024,Breakfast,Food & Drinks,Salary Bank,30,EXPENSE
5/16/2024,Breakfast,Food & Drinks,Salary Bank,30,EXPENSE
5/15/2024,Juice,Food & Drinks,Salary Bank,130,EXPENSE
5/15/2024,Shawarma 🌯,Food & Drinks,Salary Bank,220,EXPENSE
5/15/2024,RtA,Transport,Metro Card,35,EXPENSE
5/15/2024,Bus,Transport,Cash,10,EXPENSE
5/15/2024,AtR,Transport,Salary Bank,35,EXPENSE
5/14/2024,Recharge,Transport,Salary Bank,0,TRANSFER
5/14/2024,Juice,Food & Drinks,Cash,10,EXPENSE
5/14/2024,Bus,Transport,Cash,20,EXPENSE
5/14/2024,RtA,Transport,Metro Card,35,EXPENSE
5/14/2024,AtR,Transport,Metro Card,35,EXPENSE
5/12/2024,Snacks,Food & Drinks,Salary Bank,30,EXPENSE
5/10/2024,Snacks,Food & Drinks,Salary Bank,60,EXPENSE
5/10/2024,RtA,Transport,Metro Card,35,EXPENSE
5/10/2024,AtR,Transport,Metro Card,35,EXPENSE
5/9/2024,Screen,Bills & Fees,Salary Bank,"1,400.00",EXPENSE
5/9/2024,Snacks,Food & Drinks,Salary Bank,20,EXPENSE
5/9/2024,Breakfast,Food & Drinks,Salary Bank,30,EXPENSE
5/8/2024,Juice,Food & Drinks,Salary Bank,80,EXPENSE
5/8/2024,Bus,Transport,Cash,10,EXPENSE
5/8/2024,RtA,Transport,Metro Card,35,EXPENSE
5/8/2024,AtR,Transport,Metro Card,35,EXPENSE
5/8/2024,Bus,Transport,Cash,10,EXPENSE
5/7/2024,RtA,Transport,Metro Card,35,EXPENSE
5/7/2024,AtR,Transport,Metro Card,35,EXPENSE
5/7/2024,Shawarma 🌯,Food & Drinks,Salary Bank,120,EXPENSE
5/7/2024,Bus,Transport,Cash,10,EXPENSE
5/6/2024,Bus,Transport,Cash,10,EXPENSE
5/6/2024,Petrol,Bills & Fees,Salary Bank,100,EXPENSE
5/6/2024,RtA,Transport,Metro Card,35,EXPENSE
5/6/2024,AtR,Transport,Metro Card,35,EXPENSE
5/6/2024,Juice,Food & Drinks,Salary Bank,40,EXPENSE
5/6/2024,Lunch,Food & Drinks,Salary Bank,100,EXPENSE
5/6/2024,Adjust balance,,Salary Bank,80,INCOME
5/6/2024,Adjust balance,,Cash,30,EXPENSE
5/4/2024,Petrol,Transport,Salary Bank,200,EXPENSE
5/4/2024,Medic,Bills & Fees,Salary Bank,20,EXPENSE
5/3/2024,Petrol,Transport,Salary Bank,100,EXPENSE
5/3/2024,Recharge,Bills & Fees,Salary Bank,266.9,EXPENSE
5/3/2024,Petrol,Transport,Salary Bank,50,EXPENSE
5/2/2024,Exam Fees,Bills & Fees,Salary Bank,"2,000.00",EXPENSE
5/2/2024,Juice,Food & Drinks,Salary Bank,80,EXPENSE
5/2/2024,Bus,Transport,Cash,10,EXPENSE
5/2/2024,Auto,Transport,Cash,20,EXPENSE
5/2/2024,Juice,Food & Drinks,Salary Bank,80,EXPENSE
5/2/2024,Snacks,Food & Drinks,Salary Bank,30,EXPENSE
5/2/2024,Savings,,Salary Bank,0,TRANSFER
5/2/2024,Netflix,Bills & Fees,Salary Bank,199,EXPENSE
5/2/2024,Baba,Bills & Fees,Salary Bank,"5,000.00",EXPENSE
5/1/2024,Adjust balance,,Salary Bank,30,EXPENSE
5/1/2024,Recharge,Bills & Fees,Salary Bank,155,EXPENSE
5/1/2024,Juice,Food & Drinks,Salary Bank,60,EXPENSE
5/1/2024,Recharge,Transport,Salary Bank,0,TRANSFER
5/1/2024,Withdraw,,Salary Bank,0,TRANSFER
5/1/2024,RtA,Transport,Cash,35,EXPENSE
5/1/2024,AtR,Transport,Metro Card,35,EXPENSE
5/1/2024,Water,Food & Drinks,Salary Bank,30,EXPENSE
4/30/2024,Salary,Bills & Fees,Salary Bank,"19,367.00",INCOME
4/30/2024,Bus,Transport,Cash,10,EXPENSE
4/30/2024,AtR,Transport,Salary Bank,35,EXPENSE
4/30/2024,RtA,Transport,Salary Bank,35,EXPENSE
4/30/2024,Juice,Food & Drinks,Salary Bank,90,EXPENSE
4/29/2024,Bus,Transport,Cash,10,EXPENSE
4/29/2024,RtA,Transport,Salary Bank,35,EXPENSE
4/29/2024,Adjust balance,,Cash,80,EXPENSE
4/29/2024,Bus,Transport,Cash,10,EXPENSE
4/29/2024,AtR,Transport,Salary Bank,35,EXPENSE
4/28/2024,Baba,Bills & Fees,Salary Bank,500,EXPENSE
4/28/2024,Breakfast,Food & Drinks,Salary Bank,30,EXPENSE
4/27/2024,🍰,Food & Drinks,Salary Bank,100,EXPENSE
4/27/2024,Milk,Bills & Fees,Salary Bank,40,EXPENSE
4/27/2024,Snacks,Food & Drinks,Salary Bank,90,EXPENSE
4/27/2024,Water,Food & Drinks,Salary Bank,60,EXPENSE
4/27/2024,Juice,Food & Drinks,Salary Bank,120,EXPENSE
4/27/2024,Water,Food & Drinks,Salary Bank,60,EXPENSE
4/27/2024,Lunch,Food & Drinks,Salary Bank,100,EXPENSE
4/27/2024,Sujith,Bills & Fees,Salary Bank,100,INCOME
4/27/2024,Priyanka,Bills & Fees,Salary Bank,300,INCOME
4/27/2024,Petrol,Transport,Salary Bank,100,EXPENSE
4/26/2024,Juice,Food & Drinks,Salary Bank,49,EXPENSE
4/26/2024,Chotu,Bills & Fees,Salary Bank,500,EXPENSE
4/26/2024,Snacks,Food & Drinks,Salary Bank,10,EXPENSE
4/26/2024,Drink,Food & Drinks,Salary Bank,49,EXPENSE
4/26/2024,Lunch,Food & Drinks,Salary Bank,120,EXPENSE
4/26/2024,Water,Food & Drinks,Salary Bank,60,EXPENSE
4/26/2024,Petrol,Transport,Salary Bank,100,EXPENSE
4/25/2024,Snacks,Food & Drinks,Salary Bank,20,EXPENSE
4/25/2024,Petrol,Transport,Salary Bank,100,EXPENSE
4/24/2024,Shirt,Bills & Fees,Salary Bank,699,EXPENSE
4/24/2024,Petrol,Transport,Salary Bank,100,EXPENSE
4/24/2024,Petrol,Transport,Salary Bank,50,EXPENSE
4/24/2024,Snacks,Food & Drinks,Salary Bank,60,EXPENSE
4/23/2024,Team lunch,Food & Drinks,Salary Bank,795,EXPENSE
4/23/2024,Bus,Transport,Cash,20,EXPENSE
4/23/2024,RtA,Transport,Metro Card,35,EXPENSE
4/23/2024,AtR,Transport,Metro Card,35,EXPENSE
4/22/2024,Bus,Transport,Cash,10,EXPENSE
4/22/2024,RtA,Transport,Metro Card,35,EXPENSE
4/22/2024,Bus Pass,Transport,Salary Bank,430,EXPENSE
4/22/2024,Recharge,Bills & Fees,Salary Bank,259,EXPENSE
4/22/2024,Adjust balance,,Savings Bank,44.02,INCOME
4/22/2024,Settlement,,Salary Bank,20,EXPENSE
4/22/2024,Adjust balance,,Cash,20,EXPENSE
4/22/2024,Bus,Transport,Cash,30,EXPENSE
4/22/2024,,Bills & Fees,Cash,30,INCOME
4/22/2024,AtR,Transport,Metro Card,35,EXPENSE
4/21/2024,Juice,Food & Drinks,Salary Bank,40,EXPENSE
4/21/2024,Manchuria,Food & Drinks,Cash,70,EXPENSE
4/21/2024,Breakfast,Food & Drinks,Salary Bank,25,EXPENSE
4/21/2024,Petrol,Transport,Salary Bank,100,EXPENSE
4/21/2024,Tyre,Bills & Fees,Cash,10,EXPENSE
4/20/2024,Shirt,Bills & Fees,Salary Bank,799,EXPENSE
4/20/2024,Burrito,Food & Drinks,Salary Bank,83,EXPENSE
4/20/2024,Sid PayUp,Bills & Fees,Salary Bank,89.52,INCOME
4/20/2024,Ice Cream,Food & Drinks,Salary Bank,88.01,EXPENSE
4/20/2024,Water,Food & Drinks,Cash,30,EXPENSE
4/19/2024,Bus,Transport,Cash,10,EXPENSE
4/19/2024,RtA,Transport,Metro Card,35,EXPENSE
4/19/2024,AtR,Transport,Metro Card,35,EXPENSE
4/18/2024,Snacks,Food & Drinks,Salary Bank,75,EXPENSE
4/18/2024,Snacks,Food & Drinks,Salary Bank,130,EXPENSE
4/17/2024,,,Cash,5,EXPENSE
4/17/2024,Reacharge,,Salary Bank,0,TRANSFER
4/17/2024,AtR,Transport,Cash,35,EXPENSE
4/17/2024,Withdraw,,Salary Bank,0,TRANSFER
4/16/2024,RtA,Transport,Metro Card,35,EXPENSE
4/16/2024,Bus,Transport,Cash,10,EXPENSE
4/16/2024,AtR,Transport,Metro Card,35,EXPENSE
4/15/2024,Bus,Transport,Cash,10,EXPENSE
4/15/2024,RtA,Transport,Metro Card,35,EXPENSE
4/15/2024,Snacks,Food & Drinks,Salary Bank,60,EXPENSE
4/15/2024,Domain,Bills & Fees,Salary Bank,616.32,EXPENSE
4/15/2024,AtR,Transport,Metro Card,35,EXPENSE
4/15/2024,Bus,Transport,Cash,10,EXPENSE
4/14/2024,Breakfast,Food & Drinks,Salary Bank,30,EXPENSE
4/12/2024,Bus,Transport,Cash,20,EXPENSE
4/12/2024,Recharge,,Salary Bank,0,TRANSFER
4/12/2024,RtA,Transport,Metro Card,35,EXPENSE
4/12/2024,AtR,Transport,Metro Card,35,EXPENSE
4/12/2024,Adjust balance,,Metro Card,40,EXPENSE
4/10/2024,RtA,Transport,Metro Card,35,EXPENSE
4/10/2024,Adjust balance,,Cash,30,EXPENSE
4/10/2024,Adjust balance,,Salary Bank,70.99,EXPENSE
4/10/2024,Gym,Bills & Fees,Salary Bank,"1,000.00",EXPENSE
4/10/2024,AtR,Transport,Metro Card,35,EXPENSE
4/10/2024,Shawarma 🌯,Food & Drinks,Salary Bank,140,EXPENSE
4/8/2024,AtR,Transport,Metro Card,35,EXPENSE
4/8/2024,Bus,Transport,Cash,10,EXPENSE
4/7/2024,Breakfast,Food & Drinks,Salary Bank,30,EXPENSE
4/7/2024,Fest,Bills & Fees,Salary Bank,250,EXPENSE
4/6/2024,Juice,Food & Drinks,Salary Bank,10,EXPENSE
4/6/2024,Bus,Transport,Cash,10,EXPENSE
4/6/2024,Juice,Food & Drinks,Salary Bank,30,EXPENSE
4/6/2024,Auto,Transport,Cash,20,EXPENSE
4/5/2024,Juice,Food & Drinks,Salary Bank,30,EXPENSE
4/5/2024,RtA,Transport,Metro Card,35,EXPENSE
4/5/2024,Recharge,,Salary Bank,0,TRANSFER
4/5/2024,Wow,Bills & Fees,Salary Bank,309.84,EXPENSE
4/5/2024,Juice,Food & Drinks,Salary Bank,25,EXPENSE
4/5/2024,AtR,Transport,Metro Card,35,EXPENSE
4/4/2024,Snacks,Food & Drinks,Salary Bank,75,EXPENSE
4/4/2024,Petrol,Bills & Fees,Salary Bank,100,EXPENSE
4/4/2024,Stonks,Bills & Fees,Salary Bank,761.44,INCOME
4/3/2024,Settlement,,Salary Bank,0,TRANSFER
4/3/2024,Maa,Bills & Fees,Salary Bank,"10,000.00",INCOME
4/3/2024,Bus,Transport,Cash,10,EXPENSE
4/3/2024,AtR,Transport,Metro Card,35,EXPENSE
4/2/2024,AtR,Transport,Metro Card,35,EXPENSE
4/2/2024,RtA,Transport,Metro Card,35,EXPENSE
4/2/2024,Juice,Food & Drinks,Cash,10,EXPENSE
4/2/2024,Juice,Food & Drinks,Cash,60,EXPENSE
4/2/2024,Chotu,Bills & Fees,Cash,60,INCOME
4/2/2024,Bus,Transport,Cash,10,EXPENSE
4/1/2024,Netflix,Bills & Fees,Savings Bank,199,EXPENSE
4/1/2024,Chotu,Bills & Fees,Savings Bank,"3,000.00",EXPENSE
4/1/2024,Bhagwat,Bills & Fees,Cash,100,INCOME
4/1/2024,Snacks,Food & Drinks,Salary Bank,160,EXPENSE
4/1/2024,Juice,Food & Drinks,Salary Bank,50,EXPENSE
4/1/2024,Adjust balance,,Cash,50,EXPENSE
3/31/2024,AtR,Transport,Metro Card,35,EXPENSE
3/31/2024,Bus,Transport,Cash,10,EXPENSE
3/31/2024,Baba,Bills & Fees,Salary Bank,"1,700.00",EXPENSE
3/31/2024,Shoes,Bills & Fees,Salary Bank,"2,499.00",EXPENSE
3/31/2024,Haircut,Bills & Fees,Salary Bank,150,EXPENSE
3/30/2024,Chotu,Bills & Fees,Cash,100,EXPENSE
3/29/2024,Snacks,Food & Drinks,Salary Bank,90,EXPENSE
3/29/2024,Maa,Bills & Fees,Salary Bank,"13,000.00",EXPENSE
3/29/2024,Breakfast,Food & Drinks,Salary Bank,60,EXPENSE
3/28/2024,Petrol,Bills & Fees,Salary Bank,100,EXPENSE
3/28/2024,Snacks,Food & Drinks,Salary Bank,250,EXPENSE
3/28/2024,Settle,,Salary Bank,5,EXPENSE
3/28/2024,Salary,Bills & Fees,Salary Bank,"22,700.00",INCOME
3/28/2024,Transfer,,Salary Bank,0,TRANSFER
3/27/2024,Ice cream,Food & Drinks,Cash,70,EXPENSE
3/26/2024,Juice,Food & Drinks,Salary Bank,40,EXPENSE
3/26/2024,Auto,Transport,Cash,20,EXPENSE
3/25/2024,Bus,Transport,Cash,10,EXPENSE
3/25/2024,Bus,Transport,Cash,10,EXPENSE
3/25/2024,RtA,Transport,Metro Card,35,EXPENSE
3/25/2024,AtR,Transport,Metro Card,35,EXPENSE
3/25/2024,Recharge,,Cash,0,TRANSFER
3/24/2024,Adjust balance,,Salary Bank,105,EXPENSE
3/22/2024,Bus,Transport,Cash,30,EXPENSE
3/22/2024,Juice,Food & Drinks,Salary Bank,10,EXPENSE
3/22/2024,Snacks,Food & Drinks,Salary Bank,80,EXPENSE
3/22/2024,Withdraw,,Salary Bank,0,TRANSFER
3/22/2024,RtA,Transport,Metro Card,35,EXPENSE
3/21/2024,Baba,Bills & Fees,Salary Bank,500,EXPENSE
3/21/2024,Recharge,Bills & Fees,Salary Bank,259,EXPENSE
3/21/2024,Maa,Bills & Fees,Salary Bank,"2,000.00",INCOME
3/21/2024,Stonks,Bills & Fees,Salary Bank,230,EXPENSE
3/21/2024,Petrol,Transport,Salary Bank,200,EXPENSE
3/19/2024,RtA,Transport,Metro Card,35,EXPENSE
3/19/2024,Snacks,Food & Drinks,Salary Bank,25,EXPENSE
3/19/2024,RtA,Transport,Metro Card,35,EXPENSE
3/19/2024,Shawarma 🌯,Food & Drinks,Salary Bank,260,EXPENSE
3/19/2024,Bus pass,Bills & Fees,Salary Bank,430,EXPENSE
3/18/2024,RtA,Transport,Metro Card,35,EXPENSE
3/17/2024,Adjust balance,,Cash,110,EXPENSE
3/16/2024,Snacks,Food & Drinks,Salary Bank,30,EXPENSE
3/16/2024,Rent,Bills & Fees,Salary Bank,"3,800.00",EXPENSE
3/15/2024,Juice,Food & Drinks,Salary Bank,40,EXPENSE
3/15/2024,Snacks,Food & Drinks,Salary Bank,20,EXPENSE
3/15/2024,RtA,Transport,Metro Card,35,EXPENSE
3/15/2024,Bike,Transport,Salary Bank,74,EXPENSE
3/14/2024,Snacks,Food & Drinks,Salary Bank,105,EXPENSE
3/13/2024,Snacks,Food & Drinks,Salary Bank,30,EXPENSE
3/13/2024,Bandages,Bills & Fees,Salary Bank,8,EXPENSE
3/12/2024,Baba,Bills & Fees,Salary Bank,"2,000.00",EXPENSE
3/12/2024,Doc,Bills & Fees,Salary Bank,60,EXPENSE
3/12/2024,Juice,Food & Drinks,Salary Bank,90,EXPENSE
3/12/2024,Shawarma 🌯,Food & Drinks,Salary Bank,150,EXPENSE
3/12/2024,Breakfast,Food & Drinks,Salary Bank,30,EXPENSE
3/11/2024,Jalebi,Food & Drinks,Salary Bank,30,EXPENSE
3/10/2024,,Bills & Fees,Salary Bank,9,EXPENSE
3/10/2024,Baba,Bills & Fees,Salary Bank,"1,000.00",EXPENSE
3/9/2024,Juice,Food & Drinks,Salary Bank,10,EXPENSE
3/9/2024,Petrol,Transport,Salary Bank,200,EXPENSE
3/8/2024,Snacks,Food & Drinks,Salary Bank,10,EXPENSE
3/8/2024,Breakfast,Food & Drinks,Salary Bank,30,EXPENSE
3/7/2024,Snacks,Food & Drinks,Salary Bank,60,EXPENSE
3/7/2024,RtA,Transport,Cash,35,EXPENSE
3/7/2024,,,Cash,20,EXPENSE
3/7/2024,Adjust balance,,Cash,25,EXPENSE
3/7/2024,AtR,Transport,Metro Card,35,EXPENSE
3/7/2024,Bus,Transport,Cash,10,EXPENSE
3/7/2024,Withdraw,,Salary Bank,0,TRANSFER
3/7/2024,Recharge,,Salary Bank,0,TRANSFER
3/6/2024,RtA,Transport,Metro Card,35,EXPENSE
3/6/2024,Snacks,Food & Drinks,Cash,10,EXPENSE
3/6/2024,AtR,Transport,Metro Card,35,EXPENSE
3/6/2024,RB 🐂,Food & Drinks,Salary Bank,125,EXPENSE
3/6/2024,Baba,Bills & Fees,Salary Bank,"1,000.00",EXPENSE
3/6/2024,Netflix,Bills & Fees,Salary Bank,99,EXPENSE
3/6/2024,,,Savings Bank,5.53,INCOME
3/5/2024,AtR,Transport,Metro Card,35,EXPENSE
3/5/2024,Bus,Transport,Cash,10,EXPENSE
3/5/2024,RtA,Transport,Metro Card,35,EXPENSE
3/4/2024,Snacks,Food & Drinks,Salary Bank,20,EXPENSE
3/4/2024,Snacks,Food & Drinks,Salary Bank,25,EXPENSE
3/4/2024,RtA,Transport,Cash,35,EXPENSE
3/4/2024,AtR,Transport,Metro Card,35,EXPENSE
3/4/2024,Baba,Bills & Fees,Cash,80,EXPENSE
3/4/2024,Recharge,,Salary Bank,0,TRANSFER
3/3/2024,Snacks,Food & Drinks,Salary Bank,60,EXPENSE
3/3/2024,Laptop fixes,Bills & Fees,Salary Bank,150,EXPENSE
3/3/2024,Juice,Food & Drinks,Salary Bank,100,EXPENSE
3/3/2024,Snacks,Food & Drinks,Salary Bank,150,EXPENSE
3/2/2024,Cab,Bills & Fees,Salary Bank,419,EXPENSE
3/2/2024,Can,Bills & Fees,Salary Bank,476,EXPENSE
3/2/2024,Dinner,Bills & Fees,Salary Bank,"2,154.00",EXPENSE
3/2/2024,Gym,Bills & Fees,Salary Bank,"1,000.00",EXPENSE
3/1/2024,Snacks,Food & Drinks,Salary Bank,60,EXPENSE
3/1/2024,AtR,Transport,Metro Card,35,EXPENSE
3/1/2024,RtA,Transport,Metro Card,35,EXPENSE
3/1/2024,Baba,Bills & Fees,Salary Bank,"5,000.00",EXPENSE
2/29/2024,Fancode,Bills & Fees,Salary Bank,599,EXPENSE
2/29/2024,Snacks,Food & Drinks,Salary Bank,60,EXPENSE
2/29/2024,Salary,,Salary Bank,"22,700.00",INCOME
2/29/2024,Adjust balance,,Savings Bank,45.02,EXPENSE
2/29/2024,Adjust balance,,Savings Bank,0,INCOME
2/29/2024,Petrol,Transport,Savings Bank,100,EXPENSE
2/29/2024,Baba,Bills & Fees,Cash,100,EXPENSE
2/29/2024,Maa,Bills & Fees,Cash,150,EXPENSE
2/28/2024,Bus,Transport,Cash,10,EXPENSE
2/28/2024,RtA,Transport,Metro Card,35,EXPENSE
2/28/2024,Snacks,Food & Drinks,Savings Bank,60,EXPENSE
2/28/2024,AtR,Transport,Cash,35,EXPENSE
2/28/2024,Adjust balance,,Cash,15,EXPENSE
2/27/2024,Bus,Transport,Cash,10,EXPENSE
2/27/2024,RtA,Transport,Metro Card,35,EXPENSE
2/27/2024,Shawarma 🌯,Food & Drinks,Savings Bank,140,EXPENSE
2/27/2024,Bus,Transport,Cash,10,EXPENSE
2/27/2024,Snacks,Food & Drinks,Savings Bank,35,EXPENSE
2/27/2024,AtR,Transport,Metro Card,35,EXPENSE
2/26/2024,Withdraw,,Savings Bank,0,TRANSFER
2/26/2024,Bus,Transport,Cash,10,EXPENSE
2/26/2024,Snacks,Food & Drinks,Savings Bank,60,EXPENSE
2/26/2024,Recharge,,Savings Bank,0,TRANSFER
2/26/2024,Adjust balance,,Savings Bank,940,INCOME
2/26/2024,Adjust balance,,Cash,10,EXPENSE
2/26/2024,Bus,Transport,Cash,10,EXPENSE
2/26/2024,AtR,Transport,Metro Card,35,EXPENSE
2/26/2024,RtA,Transport,Metro Card,35,EXPENSE
2/26/2024,Baba,Bills & Fees,Cash,200,EXPENSE
2/26/2024,Maa,Bills & Fees,Cash,50,EXPENSE
2/24/2024,Snacks,Food & Drinks,Cash,50,EXPENSE
2/24/2024,Snacks,Food & Drinks,Cash,35,EXPENSE
2/23/2024,Snacks,Food & Drinks,Cash,25,EXPENSE
2/23/2024,Bus,Transport,Cash,10,EXPENSE
2/23/2024,RtA,Transport,Metro Card,35,EXPENSE
2/23/2024,Bus,Transport,Cash,10,EXPENSE
2/23/2024,AtR,Transport,Metro Card,35,EXPENSE
2/22/2024,Bb,Bills & Fees,Savings Bank,50,EXPENSE
2/22/2024,Bus,Transport,Cash,10,EXPENSE
2/22/2024,RtA,Transport,Metro Card,35,EXPENSE
2/22/2024,Stonks,Bills & Fees,Savings Bank,180,EXPENSE
2/22/2024,Bus,Transport,Cash,10,EXPENSE
2/22/2024,AtR,Transport,Metro Card,35,EXPENSE
2/21/2024,Snacks,Food & Drinks,Savings Bank,30,EXPENSE
2/21/2024,Bus,Transport,Cash,10,EXPENSE
2/21/2024,RtA,Transport,Metro Card,35,EXPENSE
2/21/2024,Recharge,Bills & Fees,Savings Bank,259,EXPENSE
2/20/2024,Play store,Bills & Fees,Savings Bank,9,EXPENSE
2/20/2024,Bus,Transport,Cash,10,EXPENSE
2/20/2024,RtA,Transport,Metro Card,35,EXPENSE
2/20/2024,AtR,Transport,Metro Card,35,EXPENSE
2/19/2024,Bus,Transport,Cash,10,EXPENSE
2/19/2024,RtA,Transport,Metro Card,35,EXPENSE
2/19/2024,AtR,Transport,Savings Bank,35,EXPENSE
2/19/2024,Reacharge,,Savings Bank,0,TRANSFER
2/18/2024,Biryani,,Savings Bank,0,TRANSFER
2/18/2024,Biryani 🍚,Food & Drinks,Savings Bank,250,EXPENSE
2/18/2024,Juice,Food & Drinks,Savings Bank,40,EXPENSE
2/18/2024,Snacks,Food & Drinks,Cash,40,EXPENSE
2/18/2024,Book,Bills & Fees,Savings Bank,150,EXPENSE
2/18/2024,Entry fee,Bills & Fees,Cash,50,EXPENSE
2/17/2024,Bus pass,Bills & Fees,Savings Bank,430,EXPENSE
2/17/2024,Juice,Food & Drinks,Savings Bank,20,EXPENSE
2/17/2024,Adjust balance,,Cash,16,EXPENSE
2/17/2024,Adjust balance,,Savings Bank,130,INCOME
2/16/2024,RtA,Transport,Metro Card,35,EXPENSE
2/16/2024,AtR,Transport,Metro Card,35,EXPENSE
2/15/2024,RtA,Transport,Metro Card,35,EXPENSE
2/14/2024,Snack,Food & Drinks,Savings Bank,100,EXPENSE
2/14/2024,Petrol,Transport,Savings Bank,100,EXPENSE
2/14/2024,Petrol,Transport,Savings Bank,100,EXPENSE
2/13/2024,RtA,Transport,Metro Card,35,EXPENSE
2/13/2024,Recharge,,Savings Bank,0,TRANSFER
2/13/2024,AtR,Transport,Metro Card,35,EXPENSE
2/13/2024,Bus,Transport,Cash,10,EXPENSE
2/12/2024,RtA,Transport,Metro Card,35,EXPENSE
2/12/2024,Bus,Transport,Cash,10,EXPENSE
2/12/2024,Adjust balance,,Metro Card,2,INCOME
2/11/2024,Snacks,Food & Drinks,Savings Bank,130,EXPENSE
2/10/2024,Snacks,Food & Drinks,Savings Bank,45,EXPENSE
2/10/2024,Auto,Transport,Cash,20,EXPENSE
2/9/2024,Snacks,Food & Drinks,Savings Bank,145,EXPENSE
2/9/2024,Pants,Bills & Fees,Savings Bank,998,EXPENSE
2/9/2024,,,Savings Bank,2,INCOME
2/8/2024,Ice cream,Bills & Fees,Savings Bank,102,EXPENSE
2/8/2024,Pizza,Food & Drinks,Savings Bank,247,EXPENSE
2/8/2024,,,Savings Bank,2,EXPENSE
2/8/2024,Shirt,Bills & Fees,Savings Bank,999,EXPENSE
2/8/2024,Pant,Bills & Fees,Savings Bank,799,EXPENSE
2/7/2024,RtA,Transport,Savings Bank,35,EXPENSE
2/7/2024,UPI lite,Bills & Fees,Savings Bank,1,EXPENSE
2/6/2024,Bus Pass,Transport,Savings Bank,440,EXPENSE
2/6/2024,Baba,Bills & Fees,Savings Bank,"1,000.00",EXPENSE
2/5/2024,Withdraw,,Savings Bank,0,TRANSFER
2/5/2024,Snacks,Food & Drinks,Savings Bank,90,EXPENSE
2/5/2024,Exam,Bills & Fees,Savings Bank,400,EXPENSE
2/5/2024,Adjust balance,,Cash,40,EXPENSE
2/3/2024,Stonks,Bills & Fees,Savings Bank,4.45,INCOME
2/3/2024,Baba birthday,Bills & Fees,Savings Bank,839,EXPENSE
2/3/2024,Auto,Transport,Savings Bank,20,EXPENSE
2/3/2024,Baba,Bills & Fees,Savings Bank,"2,000.00",EXPENSE
2/2/2024,Petrol,Transport,Savings Bank,200,EXPENSE
2/2/2024,Book,Bills & Fees,Savings Bank,299,EXPENSE
2/1/2024,Netflix,Bills & Fees,Savings Bank,99,EXPENSE
2/1/2024,Snacks,Food & Drinks,Savings Bank,40,EXPENSE
2/1/2024,Petrol,Bills & Fees,Savings Bank,100,EXPENSE
2/1/2024,Chotu,Bills & Fees,Savings Bank,100,EXPENSE
2/1/2024,Gym,Bills & Fees,Savings Bank,"1,000.00",EXPENSE
1/31/2024,Milk,Bills & Fees,Savings Bank,88,EXPENSE
1/31/2024,Petrol,Transport,Savings Bank,100,EXPENSE
1/31/2024,Sid,Bills & Fees,Savings Bank,200,EXPENSE
1/31/2024,Baba,Bills & Fees,Savings Bank,"5,000.00",EXPENSE
1/31/2024,Snacks,Food & Drinks,Savings Bank,60,EXPENSE
1/31/2024,Chotu,Bills & Fees,Savings Bank,100,INCOME
1/31/2024,Petrol,Bills & Fees,Savings Bank,100,EXPENSE
1/31/2024,Salary,Bills & Fees,Savings Bank,"22,700.00",INCOME
1/30/2024,Baba,Bills & Fees,Savings Bank,100,EXPENSE
1/30/2024,Sid,Bills & Fees,Savings Bank,200,INCOME
1/30/2024,Oil,Bills & Fees,Savings Bank,100,EXPENSE
1/29/2024,Baba,Bills & Fees,Savings Bank,100,INCOME
1/29/2024,RtA,Transport,Savings Bank,35,EXPENSE
1/29/2024,Tire,Bills & Fees,Savings Bank,700,EXPENSE
1/27/2024,Adjust balance,,Cash,26,INCOME
1/27/2024,Petrol,Bills & Fees,Savings Bank,250,EXPENSE
1/27/2024,Noodles,Food & Drinks,Savings Bank,60,EXPENSE
1/27/2024,Xerox,Bills & Fees,Savings Bank,5,EXPENSE
1/27/2024,Xerox,Bills & Fees,Savings Bank,27,EXPENSE
1/26/2024,Snacks,Food & Drinks,Savings Bank,50,EXPENSE
1/25/2024,Snacks,Food & Drinks,Savings Bank,120,EXPENSE
1/24/2024,AtR,Transport,Savings Bank,35,EXPENSE
1/24/2024,Adjust Balance,,Savings Bank,1,EXPENSE
1/24/2024,License,Bills & Fees,Savings Bank,300,EXPENSE
1/23/2024,Snacks,Food & Drinks,Savings Bank,115,EXPENSE
1/22/2024,Grand original,Bills & Fees,Savings Bank,30,EXPENSE
1/21/2024,Shampoo,Bills & Fees,Savings Bank,4,EXPENSE
1/21/2024,Haircut,Bills & Fees,Savings Bank,150,EXPENSE
1/20/2024,Recharge,Bills & Fees,Savings Bank,259,EXPENSE
1/20/2024,Auto,Transport,Cash,20,EXPENSE
1/18/2024,Auto,Transport,Cash,20,EXPENSE
1/18/2024,Snacks,Food & Drinks,Savings Bank,111,EXPENSE
1/16/2024,Juice,Food & Drinks,Savings Bank,20,EXPENSE
1/16/2024,Shawarma 🌯,Food & Drinks,Savings Bank,130,EXPENSE
1/16/2024,Bike,Transport,Savings Bank,30,EXPENSE
1/16/2024,Auto,Transport,Cash,20,EXPENSE
1/16/2024,Rent,Bills & Fees,Savings Bank,"3,500.00",EXPENSE
1/15/2024,Juice,Food & Drinks,Savings Bank,75,EXPENSE
1/14/2024,Recharge,Bills & Fees,Savings Bank,0.9,EXPENSE
1/13/2024,Snack,Transport,Savings Bank,30,EXPENSE
1/13/2024,Snacks,Bills & Fees,Savings Bank,60,EXPENSE
1/13/2024,Auto,Transport,Cash,20,EXPENSE
1/12/2024,RtA,Transport,Savings Bank,35,EXPENSE
1/12/2024,Burger AM,Food & Drinks,Savings Bank,99,EXPENSE
1/12/2024,Breakfast,Food & Drinks,Savings Bank,30,EXPENSE
1/11/2024,Aloo bhujia,Food & Drinks,Savings Bank,10,EXPENSE
1/11/2024,Adjust balance,,Cash,16,INCOME
1/11/2024,Something,,Cash,5,EXPENSE
1/11/2024,Stonks,Bills & Fees,Savings Bank,400,EXPENSE
1/11/2024,Bus,Transport,Cash,10,EXPENSE
1/11/2024,AtR,Transport,Metro Card,35,EXPENSE
1/10/2024,AtR,Transport,Metro Card,35,EXPENSE
1/10/2024,Auto,Transport,Savings Bank,20,EXPENSE
1/9/2024,Sid PayUp,Bills & Fees,Savings Bank,200,EXPENSE
1/9/2024,Adjust balance,,Savings Bank,50.22,EXPENSE
1/9/2024,Adjust balance,,Cash,20,EXPENSE
1/9/2024,Sid PayUp,Bills & Fees,Savings Bank,200,INCOME
1/9/2024,RtA,Transport,Savings Bank,35,EXPENSE
1/9/2024,Recharge,,Savings Bank,0,TRANSFER
1/9/2024,Bus,Transport,Cash,20,EXPENSE
1/8/2024,Payup,Food & Drinks,Savings Bank,280,EXPENSE
1/8/2024,Scholarship,Bills & Fees,Savings Bank,40,EXPENSE
1/7/2024,Juice,Food & Drinks,Cash,25,EXPENSE
1/7/2024,Gala nyt,Bills & Fees,Savings Bank,600,EXPENSE
1/7/2024,Parking,Bills & Fees,Savings Bank,15,EXPENSE
1/7/2024,Stationary,Bills & Fees,Savings Bank,72,EXPENSE
1/6/2024,Auto,Transport,Cash,20,EXPENSE
1/6/2024,Bus,Transport,Cash,10,EXPENSE
1/6/2024,Auto,Transport,Cash,20,EXPENSE
1/4/2024,Snacks,Food & Drinks,Savings Bank,60,EXPENSE
1/4/2024,Auto,Transport,Cash,20,EXPENSE
1/2/2024,Auto,Transport,Cash,20,EXPENSE
1/2/2024,Snacks,Food & Drinks,Savings Bank,50,EXPENSE
1/2/2024,Auto,Transport,Savings Bank,20,EXPENSE
1/2/2024,Bus,Transport,Cash,10,EXPENSE
1/1/2024,Cake,Food & Drinks,Savings Bank,300,EXPENSE
1/1/2024,Party,Bills & Fees,Savings Bank,350,EXPENSE
12/30/2023,Breakfast,Food & Drinks,Savings Bank,30,EXPENSE
12/29/2023,Goje Payback,Bills & Fees,Savings Bank,30,INCOME
12/29/2023,Snacks,Food & Drinks,Savings Bank,100,EXPENSE
12/29/2023,Help,,Cash,0,TRANSFER
12/29/2023,Bus,Transport,Cash,10,EXPENSE
12/29/2023,Auto,Transport,Cash,20,EXPENSE
12/28/2023,Salary,Bills & Fees,Savings Bank,"3,130.00",INCOME
12/28/2023,Breakfast,Food & Drinks,Savings Bank,30,EXPENSE
12/27/2023,Auto,Transport,Savings Bank,20,EXPENSE
12/27/2023,Auto,Transport,Cash,20,EXPENSE
12/27/2023,Stationary,Bills & Fees,Savings Bank,35,EXPENSE
12/27/2023,Bus,Transport,Cash,10,EXPENSE
12/26/2023,Snacks,Food & Drinks,Savings Bank,30,EXPENSE
12/26/2023,Lunch,Food & Drinks,Savings Bank,70,EXPENSE
12/26/2023,Adjust balance,,Cash,45,EXPENSE
12/26/2023,Breakfast,Food & Drinks,Savings Bank,35,EXPENSE
12/25/2023,Bread,Food & Drinks,Savings Bank,70,EXPENSE
12/25/2023,Lunch,Food & Drinks,Savings Bank,220,EXPENSE
12/25/2023,Tea,Food & Drinks,Savings Bank,20,EXPENSE
12/25/2023,Water,Food & Drinks,Savings Bank,20,EXPENSE
12/25/2023,Breakfast,Food & Drinks,Savings Bank,60,EXPENSE
12/25/2023,Breakfast,Food & Drinks,Savings Bank,40,EXPENSE
12/25/2023,Chicken keema,Food & Drinks,Savings Bank,187.2,EXPENSE
12/25/2023,Interest,,Savings Bank,30,INCOME
12/24/2023,Breakfast,Food & Drinks,Savings Bank,30,EXPENSE
12/24/2023,Coffee,Food & Drinks,Savings Bank,4,EXPENSE
12/24/2023,Coffee,Food & Drinks,Cash,10,EXPENSE
12/23/2023,Recharge,Bills & Fees,Savings Bank,259,EXPENSE
12/22/2023,Snacks,Food & Drinks,Savings Bank,60,EXPENSE
12/22/2023,Payup,Bills & Fees,Cash,200,INCOME
12/22/2023,Payup,Bills & Fees,Savings Bank,700,INCOME
12/22/2023,Auto,Transport,Savings Bank,20,EXPENSE
12/22/2023,Ticket refund,Bills & Fees,Savings Bank,170.56,INCOME
12/22/2023,Juice,Food & Drinks,Savings Bank,130,EXPENSE
12/22/2023,Payup,Food & Drinks,Savings Bank,40,INCOME
12/22/2023,Pizza,Food & Drinks,Savings Bank,170,EXPENSE
12/21/2023,Tickets,Bills & Fees,Savings Bank,376,EXPENSE
12/21/2023,Gift 🎁,Bills & Fees,Savings Bank,"1,550.00",EXPENSE
12/21/2023,Stonks Return,Bills & Fees,Savings Bank,83.66,INCOME
12/20/2023,Shawarma 🌯,Food & Drinks,Savings Bank,330,EXPENSE
12/20/2023,Snacks,Food & Drinks,Savings Bank,55,EXPENSE
12/20/2023,Recharge,Bills & Fees,Savings Bank,257.9,EXPENSE
12/20/2023,Bus,Transport,Cash,10,EXPENSE
12/20/2023,Auto,Transport,Cash,20,EXPENSE
12/20/2023,Snacks,Food & Drinks,Savings Bank,35,EXPENSE
12/19/2023,Cashback,Bills & Fees,Savings Bank,3,INCOME
12/18/2023,Adjust balance,,Cash,300,INCOME
12/18/2023,Adjust balance,,Savings Bank,2,INCOME
12/18/2023,Weekend,Food & Drinks,Savings Bank,290,EXPENSE
12/16/2023,Card maintenance,Bills & Fees,Savings Bank,295,EXPENSE
12/16/2023,Bus Pass,Transport,Savings Bank,430,EXPENSE
12/16/2023,Auto,Transport,Savings Bank,20,EXPENSE
12/15/2023,Goje Payback,Food & Drinks,Cash,30,INCOME
12/15/2023,Sid PayUp,Food & Drinks,Savings Bank,40,INCOME
12/15/2023,Juice,Food & Drinks,Savings Bank,40,EXPENSE
12/15/2023,Snacks,Food & Drinks,Savings Bank,105,EXPENSE
12/15/2023,Auto,Transport,Cash,20,EXPENSE
12/15/2023,Snacks,Food & Drinks,Cash,70,EXPENSE
12/14/2023,Snacks,Food & Drinks,Savings Bank,30,EXPENSE
12/13/2023,Biryani,Bills & Fees,Savings Bank,520,EXPENSE
12/13/2023,Bus,Transport,Cash,10,EXPENSE
12/13/2023,Bus,Transport,Cash,10,EXPENSE
12/13/2023,Auto,Transport,Cash,20,EXPENSE
12/12/2023,Auto,Transport,Cash,20,EXPENSE
12/12/2023,Bus,Transport,Cash,10,EXPENSE
12/11/2023,Adjust balance,,Savings Bank,2,EXPENSE
12/11/2023,Snacks,Food & Drinks,Savings Bank,30,EXPENSE
12/11/2023,Auto,Transport,Savings Bank,20,EXPENSE
12/10/2023,Bonda,Food & Drinks,Savings Bank,30,EXPENSE
12/9/2023,Snacks,Food & Drinks,Savings Bank,130,EXPENSE
12/9/2023,Gpay,Bills & Fees,Savings Bank,25,INCOME
12/9/2023,,,Metro Card,2,EXPENSE
12/9/2023,Auto,Transport,Cash,20,EXPENSE
12/8/2023,Snacks,Food & Drinks,Savings Bank,70,EXPENSE
12/8/2023,Adjust balance,,Savings Bank,5,EXPENSE
12/8/2023,Printouts,Bills & Fees,Savings Bank,10,EXPENSE
12/8/2023,Coke,Food & Drinks,Savings Bank,15,EXPENSE
12/8/2023,Adjust balance,,Cash,95,INCOME
12/7/2023,Auto,Transport,Savings Bank,20,EXPENSE
12/7/2023,Withdraw,,Savings Bank,500,EXPENSE
12/7/2023,Auto,Transport,Cash,20,EXPENSE
12/7/2023,Adjust balance,,Cash,20,EXPENSE
12/7/2023,Bus,Transport,Cash,10,EXPENSE
12/6/2023,Bus,Transport,Cash,10,EXPENSE
12/6/2023,Help,,Savings Bank,0,TRANSFER
12/6/2023,Auto,Transport,Savings Bank,20,EXPENSE
12/6/2023,Adjust balance,,Cash,80,INCOME
12/6/2023,Auto,Transport,Cash,20,EXPENSE
12/6/2023,Bus,Transport,Cash,10,EXPENSE
12/5/2023,Bus,Transport,Cash,10,EXPENSE
12/5/2023,Auto,Transport,Cash,20,EXPENSE
12/4/2023,Snacks,Food & Drinks,Savings Bank,75,EXPENSE
12/4/2023,Jalebi,Food & Drinks,Savings Bank,50,EXPENSE
12/4/2023,Bus,Transport,Cash,10,EXPENSE
12/4/2023,Auto,Transport,Savings Bank,20,EXPENSE
12/2/2023,Bus,Transport,Cash,10,EXPENSE
12/2/2023,RtA,Transport,Metro Card,35,EXPENSE
12/1/2023,Bus,Transport,Cash,20,EXPENSE
12/1/2023,Adjust balance,,Cash,10,EXPENSE
12/1/2023,Chotu,Bills & Fees,Savings Bank,220,INCOME
12/1/2023,AtrR,Transport,Metro Card,35,EXPENSE
11/29/2023,RtA,Transport,Metro Card,35,EXPENSE
11/29/2023,AtrR,Transport,Metro Card,35,EXPENSE
11/29/2023,Bus,Transport,Cash,20,EXPENSE
11/29/2023,Biryani 🍚,Food & Drinks,Savings Bank,520,EXPENSE
11/29/2023,Shawarma 🌯,Food & Drinks,Savings Bank,140,EXPENSE
11/29/2023,Lunch payup,Food & Drinks,Savings Bank,552,EXPENSE
11/29/2023,Baba,Bills & Fees,Savings Bank,"10,000.00",EXPENSE
11/29/2023,Salary,,Savings Bank,"22,283.00",INCOME
11/29/2023,Chotu,Bills & Fees,Savings Bank,20,EXPENSE
11/28/2023,Auto,Transport,Cash,20,EXPENSE
11/28/2023,Juice,Food & Drinks,Savings Bank,20,EXPENSE
11/27/2023,AtrR,Transport,Metro Card,35,EXPENSE
11/26/2023,Bus,Transport,Cash,10,EXPENSE
11/26/2023,Snacks,Food & Drinks,Savings Bank,30,EXPENSE
11/26/2023,Shampoo,Bills & Fees,Savings Bank,4,EXPENSE
11/25/2023,Auto,Transport,Cash,20,EXPENSE
11/25/2023,Adjust balance,,Savings Bank,19.2,EXPENSE
11/25/2023,Exam fees,Bills & Fees,Savings Bank,800,EXPENSE
11/24/2023,Snacks,Food & Drinks,Savings Bank,35,EXPENSE
11/23/2023,Bus,Transport,Cash,10,EXPENSE
11/23/2023,AtrR,Transport,Metro Card,35,EXPENSE
11/23/2023,Something,Bills & Fees,Savings Bank,50,EXPENSE
11/22/2023,Recharge,,Savings Bank,0,TRANSFER
11/22/2023,AtrR,Transport,Metro Card,35,EXPENSE
11/22/2023,Bus,Transport,Cash,10,EXPENSE
11/21/2023,Curd,Bills & Fees,Savings Bank,46,EXPENSE
11/21/2023,Snacks,Food & Drinks,Savings Bank,30,EXPENSE
11/21/2023,Bus,Transport,Cash,10,EXPENSE
11/21/2023,Chotu pass,Bills & Fees,Savings Bank,200,EXPENSE
11/21/2023,AtrR,Transport,Metro Card,35,EXPENSE
11/21/2023,Recharge,Bills & Fees,Savings Bank,259,EXPENSE
11/20/2023,Bus,Transport,Cash,10,EXPENSE
11/20/2023,Maa,Bills & Fees,Cash,50,EXPENSE
11/20/2023,AtR,Transport,Metro Card,35,EXPENSE
11/19/2023,Adjust balance,,Cash,20,INCOME
11/18/2023,Bus pass,Transport,Savings Bank,430,EXPENSE
11/18/2023,Auto,Transport,Cash,20,EXPENSE
11/18/2023,Bus,Transport,Cash,10,EXPENSE
11/17/2023,Withdraw,,Savings Bank,0,TRANSFER
11/17/2023,Saman,Bills & Fees,Savings Bank,153,EXPENSE
11/17/2023,Bus,Transport,Cash,10,EXPENSE
11/17/2023,AtR,Transport,Metro Card,35,EXPENSE
11/16/2023,RtA,Transport,Metro Card,35,EXPENSE
11/16/2023,Bus,Transport,Cash,10,EXPENSE
11/16/2023,Adjust balance,,Cash,20,EXPENSE
11/16/2023,AtR,Transport,Metro Card,35,EXPENSE
11/16/2023,Recharge,,Savings Bank,0,TRANSFER
11/15/2023,AtR,Transport,Savings Bank,35,EXPENSE
11/14/2023,Adjust balance,,Savings Bank,13.2,INCOME
11/14/2023,Auto,Transport,Cash,20,EXPENSE
11/14/2023,Maa,,Cash,20,EXPENSE
11/13/2023,Print,Bills & Fees,Savings Bank,100,EXPENSE
11/13/2023,AtR,Transport,Savings Bank,35,EXPENSE
11/12/2023,Snacks,Food & Drinks,Savings Bank,70,EXPENSE
11/12/2023,Clothes,Bills & Fees,Savings Bank,"1,050.00",EXPENSE
11/12/2023,Clothes,Bills & Fees,Savings Bank,"1,607.00",EXPENSE
11/11/2023,Snacks,Food & Drinks,Savings Bank,105,EXPENSE
11/11/2023,Snacks,Food & Drinks,Savings Bank,140,EXPENSE
11/11/2023,Bus,Transport,Cash,10,EXPENSE
11/11/2023,Auto,Transport,Cash,20,EXPENSE
11/10/2023,Haircut,Bills & Fees,Savings Bank,150,EXPENSE
11/10/2023,Bus,Transport,Cash,10,EXPENSE
11/10/2023,RtA,Transport,Metro Card,35,EXPENSE
11/10/2023,AtR,Transport,Metro Card,35,EXPENSE
11/9/2023,AtR,Transport,Metro Card,35,EXPENSE
11/9/2023,RtA,Transport,Metro Card,35,EXPENSE
11/9/2023,Bus,Transport,Cash,10,EXPENSE
11/8/2023,RtA,Transport,Metro Card,35,EXPENSE
11/8/2023,AtR,Transport,Metro Card,35,EXPENSE
11/8/2023,DishTV,Bills & Fees,Savings Bank,220,EXPENSE
11/8/2023,Juice,Food & Drinks,Savings Bank,10,EXPENSE
11/8/2023,Recharge,,Savings Bank,0,TRANSFER
11/7/2023,RtA,Transport,Metro Card,35,EXPENSE
11/7/2023,Electricity,Bills & Fees,Savings Bank,774,EXPENSE
11/7/2023,AtR,Transport,Metro Card,35,EXPENSE
11/7/2023,Rapido,Transport,Savings Bank,44,EXPENSE
11/6/2023,AtR,Transport,Metro Card,35,EXPENSE
11/5/2023,Maida,Bills & Fees,Savings Bank,25,EXPENSE
11/5/2023,Adjust,,Savings Bank,30,EXPENSE
11/4/2023,Sid,Food & Drinks,Savings Bank,140,EXPENSE
11/4/2023,Printouts,Bills & Fees,Savings Bank,385,EXPENSE
11/4/2023,Treat,Food & Drinks,Savings Bank,650,EXPENSE
11/3/2023,Chotu,Bills & Fees,Savings Bank,"2,400.00",INCOME
11/3/2023,Seminar print,Bills & Fees,Savings Bank,104,EXPENSE
11/3/2023,AtR,Transport,Metro Card,35,EXPENSE
11/2/2023,Amazon,Bills & Fees,Savings Bank,"1,899.00",EXPENSE
11/2/2023,AtR,Transport,Metro Card,35,EXPENSE
11/1/2023,Grocery,Bills & Fees,Savings Bank,"2,320.78",EXPENSE
11/1/2023,Biryani,Food & Drinks,Savings Bank,520,EXPENSE
11/1/2023,Recharge,,Savings Bank,0,TRANSFER
11/1/2023,AtR,Transport,Metro Card,35,EXPENSE
11/1/2023,Bus,Transport,Cash,10,EXPENSE
11/1/2023,Bus,Transport,Cash,10,EXPENSE
11/1/2023,Shampoo,Bills & Fees,Savings Bank,4,EXPENSE
10/31/2023,Salary,Bills & Fees,Savings Bank,"11,033.00",INCOME
10/31/2023,Bus,Transport,Cash,10,EXPENSE
10/31/2023,AtR,Transport,Metro Card,35,EXPENSE
10/30/2023,Bus,Transport,Cash,20,EXPENSE
10/30/2023,Bus,Transport,Cash,20,EXPENSE
10/28/2023,Snacks,Food & Drinks,Savings Bank,30,EXPENSE
10/27/2023,AtR,Transport,Metro Card,35,EXPENSE
10/27/2023,Bus,Transport,Cash,10,EXPENSE
10/27/2023,Recharge,,Savings Bank,0,TRANSFER
10/26/2023,AtR,Transport,Metro Card,35,EXPENSE
10/26/2023,Bus,Transport,Cash,10,EXPENSE
10/26/2023,Chotu,Bills & Fees,Savings Bank,200,EXPENSE
10/26/2023,Bus,Transport,Cash,10,EXPENSE
10/25/2023,Adjust balance,,Metro Card,35,EXPENSE
10/25/2023,Adjust balance,,Cash,44,EXPENSE
10/25/2023,Nidhish Payup,Bills & Fees,Savings Bank,60,EXPENSE
10/25/2023,Recharge,Bills & Fees,Savings Bank,470.82,EXPENSE
10/25/2023,Baba,Bills & Fees,Savings Bank,600,INCOME
10/24/2023,Biryani 🍚,Food & Drinks,Savings Bank,356,EXPENSE
10/24/2023,Maa,Bills & Fees,Savings Bank,200,INCOME
10/24/2023,Egg Roll 🌯,Food & Drinks,Savings Bank,140,EXPENSE
10/24/2023,Bus Pass 💳,Transport,Savings Bank,440,EXPENSE
10/24/2023,Adjust,Bills & Fees,Savings Bank,40,EXPENSE
10/23/2023,Rapido 🚲,Transport,Savings Bank,74,EXPENSE
10/23/2023,Adjust,Bills & Fees,Savings Bank,10,EXPENSE
10/22/2023,Egg roll 🌯,Food & Drinks,Savings Bank,160,EXPENSE
10/22/2023,Nidhish Paid,Bills & Fees,Savings Bank,60,INCOME
10/22/2023,Recharge,Bills & Fees,Savings Bank,259,EXPENSE
10/22/2023,Bus,Transport,Cash,30,EXPENSE
10/22/2023,Bus,Transport,Cash,20,EXPENSE
10/22/2023,Snacks,Food & Drinks,Savings Bank,30,EXPENSE
10/22/2023,Maa,Bills & Fees,Cash,50,EXPENSE
10/21/2023,Juice,Food & Drinks,Cash,30,EXPENSE
10/21/2023,Auto,Transport,Cash,20,EXPENSE
10/20/2023,Bus,Transport,Cash,30,EXPENSE
10/20/2023,PtA,Transport,Metro Card,10,EXPENSE
10/20/2023,HtP,Transport,Metro Card,35,EXPENSE
10/20/2023,AtR,Transport,Metro Card,35,EXPENSE
10/20/2023,Bus,Transport,Cash,30,EXPENSE
10/19/2023,RtA,Transport,Metro Card,45,EXPENSE
10/19/2023,AtR,Transport,Metro Card,35,EXPENSE
10/18/2023,Recharge,,Savings Bank,0,TRANSFER
10/18/2023,Snacks,Food & Drinks,Cash,30,EXPENSE
10/18/2023,Withdraw,,Savings Bank,0,TRANSFER
10/18/2023,Bus,Transport,Cash,10,EXPENSE
10/18/2023,AtR,Transport,Metro Card,35,EXPENSE
10/18/2023,Adjust balance,,Savings Bank,20,INCOME
10/18/2023,Recharge,,Savings Bank,0,TRANSFER
10/17/2023,Stonks,Bills & Fees,Savings Bank,111,EXPENSE
10/17/2023,Bus,Transport,Cash,10,EXPENSE
10/17/2023,Bus,Transport,Cash,10,EXPENSE
10/17/2023,Metro,Transport,Savings Bank,35,EXPENSE
10/17/2023,Chotu,Bills & Fees,Savings Bank,"1,000.00",EXPENSE
10/17/2023,Baba,Bills & Fees,Savings Bank,"2,000.00",EXPENSE
10/16/2023,Capt. Payment,Bills & Fees,Savings Bank,"5,000.00",INCOME
10/15/2023,Adjust balance,,Savings Bank,35,EXPENSE
10/15/2023,Adjust balance,,Cash,8,INCOME
10/6/2023,Auto,Transport,Cash,20,EXPENSE
10/6/2023,Auto,Transport,Cash,20,EXPENSE
10/5/2023,Auto,Transport,Cash,20,EXPENSE
10/5/2023,Baba,Bills & Fees,Cash,90,INCOME
10/3/2023,Auto,Transport,Cash,20,EXPENSE
10/3/2023,Bus,Transport,Cash,10,EXPENSE
9/30/2023,Baba,Bills & Fees,Savings Bank,500,EXPENSE
9/30/2023,Snacks,Food & Drinks,Savings Bank,55,EXPENSE
9/29/2023,Auto+Bus,Transport,Cash,30,EXPENSE
9/28/2023,Baba,Bills & Fees,Savings Bank,500,EXPENSE
9/28/2023,Snacks,Food & Drinks,Savings Bank,70,EXPENSE
9/28/2023,Adjust balance,,Cash,4,EXPENSE
9/28/2023,Baba,Bills & Fees,Savings Bank,"1,000.00",EXPENSE
9/28/2023,Chotu,Bills & Fees,Cash,20,EXPENSE
9/27/2023,Auto,Transport,Cash,20,EXPENSE
9/27/2023,Sid,Bills & Fees,Savings Bank,40,EXPENSE
9/25/2023,Interest,Bills & Fees,Savings Bank,3,INCOME
9/25/2023,Snacks,Food & Drinks,Savings Bank,25,EXPENSE
9/25/2023,Jalebi,Food & Drinks,Savings Bank,20,EXPENSE
9/25/2023,Auto,Transport,Savings Bank,20,EXPENSE
9/25/2023,Bus,Transport,Cash,10,EXPENSE
9/23/2023,Recharge,Bills & Fees,Savings Bank,259,EXPENSE
9/23/2023,Adjust balance,,Savings Bank,20,EXPENSE
9/23/2023,Adjust balance,,Cash,40,EXPENSE
9/23/2023,Auto,Transport,Cash,20,EXPENSE
9/23/2023,Bus,Transport,Cash,10,EXPENSE
9/23/2023,Chotu,Bills & Fees,Savings Bank,50,EXPENSE
9/22/2023,Auto,Transport,Cash,20,EXPENSE
9/21/2023,Advance,,Savings Bank,"3,001.00",INCOME
9/20/2023,Auto,Transport,Cash,20,EXPENSE
9/19/2023,Prints,Bills & Fees,Savings Bank,5,EXPENSE
9/19/2023,Auto,Transport,Cash,20,EXPENSE
9/19/2023,Bus,Transport,Cash,10,EXPENSE
9/18/2023,Parking,Bills & Fees,Cash,25,EXPENSE
9/16/2023,Snacks,Food & Drinks,Savings Bank,30,EXPENSE
9/15/2023,Pastry,Food & Drinks,Cash,100,EXPENSE
9/15/2023,Transport,Transport,Cash,45,EXPENSE
9/15/2023,Bus incident,,Savings Bank,0,TRANSFER
9/15/2023,Snacks,Food & Drinks,Savings Bank,30,INCOME
9/15/2023,Drink,Transport,Savings Bank,10,EXPENSE
9/15/2023,Snacks,Food & Drinks,Savings Bank,60,EXPENSE
9/14/2023,Adjust balance,,Cash,10,EXPENSE
9/14/2023,Adjust balance,,Savings Bank,30,EXPENSE
9/14/2023,Snacks,Food & Drinks,Savings Bank,30,EXPENSE
9/14/2023,Sid,Bills & Fees,Savings Bank,56,EXPENSE
9/14/2023,Bus,Transport,Cash,10,EXPENSE
9/13/2023,Auto,Transport,Cash,20,EXPENSE
9/11/2023,Auto,Transport,Cash,20,EXPENSE
9/11/2023,Bus,Transport,Cash,10,EXPENSE
9/11/2023,Auto,Transport,Cash,20,EXPENSE
9/10/2023,Snacks,Food & Drinks,Savings Bank,140,EXPENSE
9/9/2023,Auto,Transport,Cash,20,EXPENSE
9/8/2023,,,Savings Bank,64,EXPENSE
9/8/2023,Withdraw,,Savings Bank,0,TRANSFER
9/8/2023,Auto,Transport,Cash,20,EXPENSE
9/8/2023,Bus,Transport,Cash,10,EXPENSE
9/7/2023,Snacks,Food & Drinks,Cash,30,EXPENSE
9/6/2023,Bus,Transport,Cash,10,EXPENSE
9/6/2023,Adjust balance,,Cash,20,EXPENSE
9/6/2023,Adjust balance,,Savings Bank,"1,040.00",INCOME
8/23/2023,Bus,Transport,Cash,10,EXPENSE
8/22/2023,Auto,Transport,Cash,20,EXPENSE
8/21/2023,Pass,Transport,Cash,430,EXPENSE
8/21/2023,Auto,Transport,Cash,20,EXPENSE
8/21/2023,Bus,Transport,Cash,30,EXPENSE
8/21/2023,Auto,Transport,Cash,20,EXPENSE
8/21/2023,Add,Bills & Fees,Cash,50,INCOME
8/18/2023,Chotu,Bills & Fees,Cash,10,EXPENSE
8/18/2023,Auto,Transport,Cash,20,EXPENSE
8/18/2023,Pocket Money,Bills & Fees,Cash,600,INCOME
8/18/2023,Bus,Transport,Cash,10,EXPENSE
8/17/2023,Auto,Transport,Cash,20,EXPENSE
8/17/2023,Stickers,Bills & Fees,Savings Bank,20,EXPENSE
8/16/2023,Stationary,Bills & Fees,Savings Bank,50,EXPENSE
8/16/2023,Juice,Food & Drinks,Savings Bank,40,EXPENSE
8/16/2023,Goje payback,Bills & Fees,Savings Bank,50,INCOME
8/16/2023,Samosa,Food & Drinks,Savings Bank,60,EXPENSE
8/16/2023,Auto,Transport,Cash,20,EXPENSE
8/16/2023,Auto,Transport,Cash,20,EXPENSE
8/16/2023,Auto,Transport,Cash,20,EXPENSE
8/15/2023,Bus,Transport,Cash,10,EXPENSE
8/14/2023,Bus,Transport,Cash,10,EXPENSE
8/14/2023,Juice,Food & Drinks,Savings Bank,15,EXPENSE
8/14/2023,Auto,Transport,Cash,20,EXPENSE
8/12/2023,Bus,Transport,Cash,10,EXPENSE
8/11/2023,Auto,Transport,Cash,20,EXPENSE
8/10/2023,,,Cash,200,INCOME
8/10/2023,Auto,Transport,Cash,20,EXPENSE
8/9/2023,Auto,Transport,Cash,20,EXPENSE
8/8/2023,Snacks,Food & Drinks,Savings Bank,30,EXPENSE
8/8/2023,Auto,Transport,Cash,20,EXPENSE
8/7/2023,Bus,Transport,Cash,10,EXPENSE
8/5/2023,Auto,Transport,Savings Bank,20,EXPENSE
8/5/2023,Auto,Transport,Cash,40,EXPENSE
8/4/2023,Snacks,Food & Drinks,Savings Bank,20,EXPENSE
8/4/2023,Bus,Transport,Cash,10,EXPENSE
8/2/2023,Computer stuff,Bills & Fees,Savings Bank,470,EXPENSE
7/31/2023,Goje,,Savings Bank,10,EXPENSE
7/31/2023,Auto,Transport,Cash,20,EXPENSE
7/31/2023,Bus,Transport,Cash,10,EXPENSE
7/29/2023,Shawarma,Food & Drinks,Savings Bank,120,EXPENSE
7/28/2023,Adjust balance,,Cash,30,EXPENSE
7/28/2023,Bus,Transport,Cash,10,EXPENSE
7/28/2023,Bus,Transport,Cash,10,EXPENSE
7/27/2023,Bus,Transport,Cash,10,EXPENSE
7/24/2023,Auto,Transport,Cash,20,EXPENSE
7/24/2023,,,Cash,100,INCOME
7/23/2023,Chotu,Bills & Fees,Cash,20,EXPENSE
7/22/2023,Something,Bills & Fees,Savings Bank,5,EXPENSE
7/21/2023,Recharge,Bills & Fees,Savings Bank,259,EXPENSE
7/19/2023,Adjust balance,,Cash,10,EXPENSE
7/19/2023,Bus,Transport,Cash,10,EXPENSE
7/18/2023,Pocket money,,Savings Bank,"1,000.00",INCOME
7/18/2023,Curd,Bills & Fees,Savings Bank,48,EXPENSE
7/14/2023,Auto,Transport,Cash,20,EXPENSE
7/14/2023,Snacks,Food & Drinks,Savings Bank,80,EXPENSE
7/13/2023,Adjust balance,,Savings Bank,10,EXPENSE
7/13/2023,Adjust balance,,Metro Card,95,EXPENSE
7/13/2023,🖊️,Bills & Fees,Savings Bank,10,EXPENSE
7/12/2023,Bus,Transport,Cash,10,EXPENSE
7/12/2023,Juice,Food & Drinks,Cash,20,EXPENSE
7/12/2023,Snacks,Food & Drinks,Savings Bank,50,EXPENSE
7/12/2023,Auto,Transport,Cash,20,EXPENSE
7/10/2023,Auto,Transport,Cash,20,EXPENSE
7/5/2023,Bus,Transport,Cash,10,EXPENSE
7/5/2023,Auto,Transport,Cash,20,EXPENSE
7/4/2023,,,Cash,210,INCOME
7/4/2023,Pen,Bills & Fees,Savings Bank,10,EXPENSE
7/4/2023,,,Savings Bank,84,INCOME
6/13/2023,,Food & Drinks,Savings Bank,60,EXPENSE
6/12/2023,Goje,Food & Drinks,Savings Bank,20,EXPENSE
6/11/2023,Mom,Bills & Fees,Savings Bank,"11,500.00",EXPENSE
6/10/2023,Book,Bills & Fees,Savings Bank,180,EXPENSE
6/10/2023,,,Savings Bank,0,TRANSFER
6/10/2023,Salary,Bills & Fees,Savings Bank,"8,000.00",INCOME
6/10/2023,Bus,Transport,Cash,10,EXPENSE
6/9/2023,Bus,Transport,Cash,10,EXPENSE
6/9/2023,,,Cash,3,INCOME
6/9/2023,Bus,Transport,Cash,20,EXPENSE
6/9/2023,Maa,,Cash,50,EXPENSE
6/8/2023,Bus,Transport,Cash,10,EXPENSE
6/7/2023,Juice,Food & Drinks,Savings Bank,20,EXPENSE
6/7/2023,Exam fees,Bills & Fees,Savings Bank,800,EXPENSE
6/7/2023,Auto,Transport,Cash,20,EXPENSE
6/7/2023,Record books,Bills & Fees,Savings Bank,360,EXPENSE
6/6/2023,Chotu,,Savings Bank,0,TRANSFER
6/6/2023,Adjust,,Cash,60,EXPENSE
6/6/2023,Adjust,,Cash,100,EXPENSE
6/6/2023,Auto,Transport,Savings Bank,20,EXPENSE
6/5/2023,Auto,Transport,Savings Bank,20,EXPENSE
6/5/2023,Juice,Food & Drinks,Savings Bank,10,EXPENSE
6/5/2023,Snacks,Food & Drinks,Savings Bank,25,EXPENSE
6/5/2023,Auto,Transport,Savings Bank,20,EXPENSE
6/4/2023,Adjust,,Savings Bank,40,EXPENSE
6/3/2023,Juice,Food & Drinks,Savings Bank,20,EXPENSE
6/3/2023,Juice,Food & Drinks,Savings Bank,20,EXPENSE
6/2/2023,Bus,Transport,Cash,30,EXPENSE
6/1/2023,Bus,Transport,Cash,10,EXPENSE
6/1/2023,Medic,Bills & Fees,Savings Bank,53.27,EXPENSE
5/31/2023,Bus,Transport,Cash,10,EXPENSE
5/31/2023,Bus,Transport,Cash,20,EXPENSE
5/30/2023,Auto,Transport,Cash,20,EXPENSE
5/30/2023,Maa,,Cash,10,EXPENSE
5/29/2023,Juice,Food & Drinks,Savings Bank,20,EXPENSE
5/29/2023,Auto,Transport,Savings Bank,20,EXPENSE
5/28/2023,Adjust,,Cash,7,INCOME
5/28/2023,Adjust,,Cash,153,INCOME
5/28/2023,Suit,Bills & Fees,Savings Bank,"3,499.00",EXPENSE
5/27/2023,Breakfast,Food & Drinks,Savings Bank,30,EXPENSE
5/26/2023,Baba payback,,Savings Bank,"1,400.00",EXPENSE
5/25/2023,Bus,Transport,Cash,10,EXPENSE
5/25/2023,Bus,Transport,Cash,20,EXPENSE
5/24/2023,Juice,Food & Drinks,Savings Bank,25,EXPENSE
5/24/2023,Auto,Transport,Cash,20,EXPENSE
5/23/2023,Auto+Bus,Transport,Cash,50,EXPENSE
5/23/2023,Bus,Transport,Cash,10,EXPENSE
5/23/2023,Bus,Transport,Cash,10,EXPENSE
5/23/2023,Bus,Transport,Cash,10,EXPENSE
5/21/2023,Recharge,Bills & Fees,Savings Bank,259,EXPENSE
5/20/2023,Shrenik paid,,Savings Bank,150,INCOME
5/20/2023,Snacks,Food & Drinks,Savings Bank,100,EXPENSE
5/20/2023,Ice cream,Food & Drinks,Savings Bank,30,EXPENSE
5/20/2023,OGT paid,,Savings Bank,"2,000.00",INCOME
5/20/2023,Chotu,,Cash,10,EXPENSE
5/19/2023,Bus pass,Transport,Cash,430,EXPENSE
5/19/2023,Withdraw,,Savings Bank,0,TRANSFER
5/18/2023,Ice cream,Food & Drinks,Savings Bank,75,EXPENSE
5/18/2023,RtA,Transport,Metro Card,35,EXPENSE
5/18/2023,Snacks,Food & Drinks,Cash,30,EXPENSE
5/18/2023,Bus,Transport,Cash,10,EXPENSE
5/18/2023,Withdraw,,Savings Bank,0,TRANSFER
5/17/2023,Bus,Transport,Cash,30,EXPENSE
5/16/2023,Bus,Transport,Cash,20,EXPENSE
5/16/2023,Snacks,Food & Drinks,Cash,30,EXPENSE
5/14/2023,Adjust,,Cash,30,INCOME
5/14/2023,Sid payUp,,Savings Bank,631,EXPENSE
5/13/2023,Payment,,Savings Bank,"8,000.00",INCOME
5/13/2023,Juice,Food & Drinks,Savings Bank,40,EXPENSE
5/13/2023,Juice,Food & Drinks,Savings Bank,10,EXPENSE
5/13/2023,Auto,Transport,Cash,20,EXPENSE
5/12/2023,Auto,Transport,Savings Bank,20,EXPENSE
5/11/2023,Auto,Transport,Cash,20,EXPENSE
5/10/2023,Auto,Transport,Cash,20,EXPENSE
5/10/2023,Snacks,Food & Drinks,Cash,15,EXPENSE
5/9/2023,Bus: RtG,Transport,Cash,10,EXPENSE
5/9/2023,,Transport,Cash,40,INCOME
5/9/2023,Bus,Transport,Cash,10,EXPENSE
5/8/2023,Bus,Transport,Cash,10,EXPENSE
5/8/2023,Auto,Transport,Cash,20,EXPENSE
5/7/2023,,Bills & Fees,Savings Bank,8,EXPENSE
5/7/2023,Snack,Food & Drinks,Savings Bank,30,EXPENSE
5/6/2023,Bus,Transport,Cash,10,EXPENSE
5/6/2023,Auto,Transport,Cash,20,EXPENSE
5/5/2023,Stonks Return,Bills & Fees,Savings Bank,50.43,INCOME
5/5/2023,Goje,Food & Drinks,Cash,40,INCOME
5/5/2023,Bonda,Food & Drinks,Savings Bank,70,EXPENSE
5/4/2023,Auto,Transport,Cash,20,EXPENSE
5/3/2023,RtA,Transport,Metro Card,35,EXPENSE
5/3/2023,Bus,Transport,Cash,20,EXPENSE
5/3/2023,Bus,Transport,Cash,20,EXPENSE
5/3/2023,Withdraw,,Savings Bank,0,TRANSFER
5/2/2023,Glasses,Bills & Fees,Savings Bank,5,EXPENSE
5/2/2023,Bus,Transport,Cash,10,EXPENSE
5/2/2023,Bus,Transport,Cash,20,EXPENSE
5/2/2023,,,Cash,10,INCOME
5/1/2023,Bus,Transport,Cash,10,EXPENSE
5/1/2023,Bus,Transport,Cash,10,EXPENSE
4/29/2023,Baba,Bills & Fees,Savings Bank,"1,600.00",EXPENSE
4/29/2023,Bus,Transport,Cash,10,EXPENSE
4/28/2023,Baba,Bills & Fees,Cash,100,INCOME
4/28/2023,Bus,Transport,Cash,10,EXPENSE
4/28/2023,Bus: RtG,Transport,Cash,10,EXPENSE
4/28/2023,AtR,Transport,Metro Card,35,EXPENSE
4/28/2023,Bus,Transport,Cash,10,EXPENSE
4/28/2023,Auto,Transport,Cash,20,EXPENSE
4/28/2023,Auto,Transport,Cash,20,EXPENSE
4/27/2023,Ice cream,Food & Drinks,Savings Bank,98,EXPENSE
4/27/2023,Water,Food & Drinks,Savings Bank,30,EXPENSE
4/27/2023,Fried rice,Food & Drinks,Cash,80,EXPENSE
4/27/2023,Goli soda,Food & Drinks,Savings Bank,49,EXPENSE
4/27/2023,Auto,Transport,Savings Bank,20,EXPENSE
4/27/2023,Auto,Transport,Cash,20,EXPENSE
4/26/2023,RtA,Transport,Metro Card,35,EXPENSE
4/26/2023,Juice,Food & Drinks,Savings Bank,20,EXPENSE
4/26/2023,Baba sent,,Savings Bank,"3,000.00",INCOME
4/26/2023,Bus: RtG,Transport,Cash,10,EXPENSE
4/26/2023,BtR,Transport,Metro Card,40,EXPENSE
4/26/2023,Metro Recharge,Bills & Fees,Metro Card,200,INCOME
4/26/2023,Metro recharge,Bills & Fees,Savings Bank,200,EXPENSE
4/25/2023,RtA,Transport,Metro Card,31.5,EXPENSE
4/25/2023,Burger AM,Food & Drinks,Savings Bank,99,EXPENSE
4/25/2023,Bus: RtG,Transport,Cash,10,EXPENSE
4/25/2023,AtR,Transport,Metro Card,35,EXPENSE
4/25/2023,Stonks return,Bills & Fees,Savings Bank,130.64,INCOME
4/24/2023,RtA,Transport,Metro Card,31.5,EXPENSE
4/24/2023,Bus: GtR,Transport,Cash,10,EXPENSE
4/24/2023,SQ bands,,Cash,5,EXPENSE
4/24/2023,Bus: RtG,Transport,Cash,10,EXPENSE
4/24/2023,AtR,Transport,Metro Card,35,EXPENSE
4/24/2023,Water,Food & Drinks,Savings Bank,20,EXPENSE
4/24/2023,Frooti,Food & Drinks,Savings Bank,30,EXPENSE
4/24/2023,Water,Food & Drinks,Cash,30,EXPENSE
4/24/2023,FAC,,Savings Bank,30,EXPENSE
4/24/2023,Auto,Transport,Cash,20,EXPENSE
4/23/2023,Shirt,Bills & Fees,Savings Bank,750,EXPENSE
4/23/2023,TO TRANSFER INSUFFICIENT BAL POS DECLINE CHARGE,,Savings Bank,23.6,EXPENSE
4/22/2023,Nidhish payup,Bills & Fees,Savings Bank,"1,551.00",INCOME
4/22/2023,,Bills & Fees,Savings Bank,"1,109.00",EXPENSE
4/22/2023,,Bills & Fees,Savings Bank,"1,398.00",EXPENSE
4/22/2023,,Transport,Cash,20,EXPENSE
4/22/2023,Mobile,Bills & Fees,Savings Bank,259,EXPENSE
4/22/2023,Stonks,,Savings Bank,130,EXPENSE
4/22/2023,Change,,Cash,7,INCOME
4/22/2023,Sid returns,,Savings Bank,300,INCOME
4/22/2023,Init,,Metro Card,139,INCOME
4/22/2023,Init,,Savings Bank,"3,525.77",INCOME
4/22/2023,Init,,Cash,250,INCOME
